[
  {
    "id": "48848c4d-3232-4537-b5dd-e348a73154e3",
    "data": [
      {
        "text": "find the admins of my organization",
        "userDefined": false
      }
    ],
    "isTemplate": false,
    "count": 0,
    "updated": 1526230120
  },
  {
    "id": "1142c2f8-d46f-448d-9704-b7368e74b97e",
    "data": [
      {
        "text": "can you list the administrators in my org?",
        "userDefined": false
      }
    ],
    "isTemplate": false,
    "count": 0,
    "updated": 1526230120
  },
  {
    "id": "f52a4f97-1361-47f8-bea5-4ba1e97e8d7d",
    "data": [
      {
        "text": "list admins in my org",
        "userDefined": false
      }
    ],
    "isTemplate": false,
    "count": 2,
    "updated": 1526230120
  },
  {
    "id": "5489fb02-6c4e-42aa-80ed-8df739766fd6",
    "data": [
      {
        "text": "list admins of my org",
        "userDefined": false
      }
    ],
    "isTemplate": false,
    "count": 0,
    "updated": 1526230120
  },
  {
    "id": "a2a004af-ec16-4ea7-8a23-1e0b13740b1b",
    "data": [
      {
        "text": "list the administrators in my organization",
        "userDefined": false
      }
    ],
    "isTemplate": false,
    "count": 0,
    "updated": 1526230120
  },
  {
    "id": "20532f60-037d-403c-94cd-484de36cd0e2",
    "data": [
      {
        "text": "can you tell me the admins of my org?",
        "userDefined": false
      }
    ],
    "isTemplate": false,
    "count": 0,
    "updated": 1526230120
  },
  {
    "id": "cef44723-f485-49a6-98dc-b7ed2dd65f6e",
    "data": [
      {
        "text": "find the admins in my organization",
        "userDefined": false
      }
    ],
    "isTemplate": false,
    "count": 0,
    "updated": 1526230120
  },
  {
    "id": "5e45c8d8-dc46-403c-93a4-48eea9614761",
    "data": [
      {
        "text": "who are the administrators of my organization",
        "userDefined": false
      }
    ],
    "isTemplate": false,
    "count": 0,
    "updated": 1526230120
  }
]