[
  {
    "id": "02febc8e-07f2-43b5-b90a-213cd7a74378",
    "data": [
      {
        "text": "can you list the administrators in my org?",
        "userDefined": false
      }
    ],
    "isTemplate": false,
    "count": 0,
    "updated": 1509134307
  },
  {
    "id": "0c60b953-8db3-4b01-9f46-5a4fdb91fad4",
    "data": [
      {
        "text": "list the administrators in my organization",
        "userDefined": false
      }
    ],
    "isTemplate": false,
    "count": 0,
    "updated": 1509134307
  },
  {
    "id": "b8c54148-c404-438a-9ca6-9854dd3f7bd9",
    "data": [
      {
        "text": "find the admins of my organization",
        "userDefined": false
      }
    ],
    "isTemplate": false,
    "count": 0,
    "updated": 1509123351
  },
  {
    "id": "48ecb5e8-e439-4f2d-aa18-339925051d44",
    "data": [
      {
        "text": "can you tell me the admins of my org?",
        "userDefined": false
      }
    ],
    "isTemplate": false,
    "count": 0,
    "updated": 1509123351
  },
  {
    "id": "a9bd3b7e-21c5-41a4-9ac5-00abff71b996",
    "data": [
      {
        "text": "list admins of my org",
        "userDefined": false
      }
    ],
    "isTemplate": false,
    "count": 0,
    "updated": 1509123351
  },
  {
    "id": "56272a45-7815-426f-9db1-b7f1e698c528",
    "data": [
      {
        "text": "find the admins in my organization",
        "userDefined": false
      }
    ],
    "isTemplate": false,
    "count": 0,
    "updated": 1509134307
  },
  {
    "id": "441db380-2efa-4e6d-9055-dbfa7a888ce2",
    "data": [
      {
        "text": "list admins in my org",
        "userDefined": false
      }
    ],
    "isTemplate": false,
    "count": 4,
    "updated": 0
  },
  {
    "id": "8569d8ba-4980-4340-8f44-89afb4277c37",
    "data": [
      {
        "text": "who are the administrators of my organization",
        "userDefined": false
      }
    ],
    "isTemplate": false,
    "count": 0,
    "updated": 1509123351
  }
]