[
  {
    "id": "cacfd670-6acd-40f7-b32f-5165d4aac02b",
    "data": [
      {
        "text": "find the admins in the ",
        "userDefined": false
      },
      {
        "text": "Google",
        "alias": "org",
        "meta": "@sys.any",
        "userDefined": true
      },
      {
        "text": " organization",
        "userDefined": false
      }
    ],
    "isTemplate": false,
    "count": 0,
    "updated": 1509352496
  },
  {
    "id": "5f1f0bdd-9f97-48c6-9371-3e772a556fb3",
    "data": [
      {
        "text": "can you list the administrators in the ",
        "userDefined": false
      },
      {
        "text": "OctaBytes",
        "alias": "org",
        "meta": "@sys.any",
        "userDefined": true
      },
      {
        "text": " org?",
        "userDefined": false
      }
    ],
    "isTemplate": false,
    "count": 0,
    "updated": 1509352496
  },
  {
    "id": "5f4f59b0-f445-421a-a89a-8b5a8cfe9739",
    "data": [
      {
        "text": "list the administrators in the ",
        "userDefined": false
      },
      {
        "text": "Read Write Sandbox",
        "alias": "org",
        "meta": "@sys.any",
        "userDefined": true
      },
      {
        "text": " organization",
        "userDefined": false
      }
    ],
    "isTemplate": false,
    "count": 0,
    "updated": 1509352496
  },
  {
    "id": "1b3fd140-6e83-4286-87f1-ce7afd681a96",
    "data": [
      {
        "text": "can you tell me the admins of the ",
        "userDefined": false
      },
      {
        "text": "OctaBytes",
        "alias": "org",
        "meta": "@sys.any",
        "userDefined": true
      },
      {
        "text": " org?",
        "userDefined": false
      }
    ],
    "isTemplate": false,
    "count": 0,
    "updated": 1509352496
  },
  {
    "id": "e1ea3ea8-2da3-4db4-acf3-8169af0c69ab",
    "data": [
      {
        "text": "who are the administrators of the ",
        "userDefined": false
      },
      {
        "text": "Meraki Test Network",
        "alias": "org",
        "meta": "@sys.any",
        "userDefined": true
      },
      {
        "text": " organization",
        "userDefined": false
      }
    ],
    "isTemplate": false,
    "count": 0,
    "updated": 1509352496
  },
  {
    "id": "b8bbb124-f82e-423d-ad45-859b5468abcd",
    "data": [
      {
        "text": "find the admins of ",
        "userDefined": false
      },
      {
        "text": "Meraki Live Sandbox",
        "alias": "org",
        "meta": "@sys.any",
        "userDefined": true
      },
      {
        "text": " organization",
        "userDefined": false
      }
    ],
    "isTemplate": false,
    "count": 0,
    "updated": 1509352496
  },
  {
    "id": "9d57283d-ae1e-4c63-be49-059112ee5efe",
    "data": [
      {
        "text": "list admins of the ",
        "userDefined": false
      },
      {
        "text": "Soylent Alpha",
        "alias": "org",
        "meta": "@sys.any",
        "userDefined": true
      },
      {
        "text": " org",
        "userDefined": false
      }
    ],
    "isTemplate": false,
    "count": 0,
    "updated": 1509352496
  }
]