[
  {
    "id": "be180ec3-1cdb-4ba5-bcce-578733402f43",
    "data": [
      {
        "text": "grand total data usage over ",
        "userDefined": false
      },
      {
        "text": "30 minutes",
        "alias": "time-duration",
        "meta": "@sys.duration",
        "userDefined": true
      }
    ],
    "isTemplate": false,
    "count": 1,
    "updated": 1528530039
  },
  {
    "id": "a9111f19-ada7-48b6-9123-a8e815633645",
    "data": [
      {
        "text": "how much data have my clients used over ",
        "userDefined": false
      },
      {
        "text": "72 hours",
        "alias": "time-duration",
        "meta": "@sys.duration",
        "userDefined": true
      }
    ],
    "isTemplate": false,
    "count": 0,
    "updated": 1528530039
  },
  {
    "id": "8083a854-94ce-4bf0-8f4d-a38ad72eb2d5",
    "data": [
      {
        "text": "overall data usage over ",
        "userDefined": false
      },
      {
        "text": "36 hours",
        "alias": "time-duration",
        "meta": "@sys.duration",
        "userDefined": true
      }
    ],
    "isTemplate": false,
    "count": 0,
    "updated": 1528530039
  },
  {
    "id": "77c57892-398c-4cdc-b84f-2a787e3bab4f",
    "data": [
      {
        "text": "amount of data consumed since ",
        "userDefined": false
      },
      {
        "text": "40 hours",
        "alias": "time-duration",
        "meta": "@sys.duration",
        "userDefined": true
      }
    ],
    "isTemplate": false,
    "count": 0,
    "updated": 1528530039
  },
  {
    "id": "f395d5ab-0734-42a5-9714-3edef7cb8e67",
    "data": [
      {
        "text": "total data usage over ",
        "userDefined": false
      },
      {
        "text": "24 seconds",
        "alias": "time-duration",
        "meta": "@sys.duration",
        "userDefined": true
      }
    ],
    "isTemplate": false,
    "count": 1,
    "updated": 1528530039
  },
  {
    "id": "707653f7-c2d6-4049-b5a5-520d0e653d53",
    "data": [
      {
        "text": "grand",
        "meta": "@sys.ignore",
        "userDefined": false
      },
      {
        "text": " overall usage in past ",
        "userDefined": false
      },
      {
        "text": "5 minutes",
        "alias": "time-duration",
        "meta": "@sys.duration",
        "userDefined": true
      }
    ],
    "isTemplate": false,
    "count": 0,
    "updated": 1528530039
  },
  {
    "id": "817fefd1-3506-4109-b89c-330dc592d407",
    "data": [
      {
        "text": "total data usage in the past ",
        "userDefined": false
      },
      {
        "text": "30 minutes",
        "alias": "time-duration",
        "meta": "@sys.duration",
        "userDefined": true
      }
    ],
    "isTemplate": false,
    "count": 0,
    "updated": 1528530039
  },
  {
    "id": "3431bcfb-5cd1-4e9d-b0b0-3f879c362edb",
    "data": [
      {
        "text": "total data usage",
        "meta": "@sys.ignore",
        "userDefined": false
      },
      {
        "text": " in past ",
        "userDefined": false
      },
      {
        "text": "3 minutes",
        "alias": "time-duration",
        "meta": "@sys.duration",
        "userDefined": true
      }
    ],
    "isTemplate": false,
    "count": 0,
    "updated": 1528530039
  },
  {
    "id": "d3c566b8-0445-4921-aafc-264433082fa8",
    "data": [
      {
        "text": "total data usage in past ",
        "userDefined": false
      },
      {
        "text": "24 days",
        "alias": "time-duration",
        "meta": "@sys.duration",
        "userDefined": true
      }
    ],
    "isTemplate": false,
    "count": 0,
    "updated": 1528530039
  }
]