[
  {
    "id": "3565ec86-1cc4-49c1-868b-07bd6d3590bb",
    "data": [
      {
        "text": "data usage",
        "meta": "@sys.ignore",
        "userDefined": false
      },
      {
        "text": " of ",
        "userDefined": false
      },
      {
        "text": "bluewifi",
        "alias": "network",
        "meta": "@sys.any",
        "userDefined": true
      },
      {
        "text": " network over ",
        "userDefined": false
      },
      {
        "text": "2 month",
        "alias": "time-duration",
        "meta": "@sys.duration",
        "userDefined": true
      }
    ],
    "isTemplate": false,
    "count": 0,
    "updated": 1528460538
  },
  {
    "id": "21b995f7-05fc-4bdb-9667-28e08576ed83",
    "data": [
      {
        "text": "total data usage",
        "meta": "@sys.ignore",
        "userDefined": false
      },
      {
        "text": " in past ",
        "userDefined": false
      },
      {
        "text": "3 minutes",
        "alias": "time-duration",
        "meta": "@sys.duration",
        "userDefined": true
      },
      {
        "text": " in the ",
        "userDefined": false
      },
      {
        "text": "OctaBytes",
        "alias": "network",
        "meta": "@sys.any",
        "userDefined": true
      },
      {
        "text": " network",
        "userDefined": false
      }
    ],
    "isTemplate": false,
    "count": 0,
    "updated": 1528460538
  },
  {
    "id": "add25507-aac9-4ee2-80f7-686fed8d2b1e",
    "data": [
      {
        "text": "total data usage",
        "meta": "@sys.ignore",
        "userDefined": false
      },
      {
        "text": " in my ",
        "userDefined": false
      },
      {
        "text": "Pennsylvania",
        "alias": "network",
        "meta": "@sys.any",
        "userDefined": true
      },
      {
        "text": " network over ",
        "userDefined": false
      },
      {
        "text": "48 seconds",
        "alias": "time-duration",
        "meta": "@sys.duration",
        "userDefined": false
      }
    ],
    "isTemplate": false,
    "count": 0,
    "updated": 1528460538
  },
  {
    "id": "85cf6137-2415-4774-9bf7-57695568a61a",
    "data": [
      {
        "text": "grand",
        "meta": "@sys.ignore",
        "userDefined": false
      },
      {
        "text": " ",
        "userDefined": false
      },
      {
        "text": "total data usage",
        "meta": "@sys.ignore",
        "userDefined": false
      },
      {
        "text": " over ",
        "userDefined": false
      },
      {
        "text": "30 minutes",
        "alias": "time-duration",
        "meta": "@sys.duration",
        "userDefined": false
      },
      {
        "text": " in the ",
        "userDefined": false
      },
      {
        "text": "Docler",
        "alias": "network",
        "meta": "@sys.any",
        "userDefined": true
      },
      {
        "text": " network",
        "userDefined": false
      }
    ],
    "isTemplate": false,
    "count": 0,
    "updated": 1528460538
  },
  {
    "id": "baa1a1c2-181b-4c42-9923-23ec068fa919",
    "data": [
      {
        "text": "total data usage",
        "meta": "@sys.ignore",
        "userDefined": false
      },
      {
        "text": " in ",
        "userDefined": false
      },
      {
        "text": "Water Bottle",
        "alias": "network",
        "meta": "@sys.any",
        "userDefined": true
      },
      {
        "text": " network over ",
        "userDefined": false
      },
      {
        "text": "24 seconds",
        "alias": "time-duration",
        "meta": "@sys.duration",
        "userDefined": false
      }
    ],
    "isTemplate": false,
    "count": 0,
    "updated": 1528460538
  },
  {
    "id": "50d5176b-d2f9-46f0-8dbc-dad9a48cda64",
    "data": [
      {
        "text": "total data usage",
        "meta": "@sys.ignore",
        "userDefined": false
      },
      {
        "text": " in the past ",
        "userDefined": false
      },
      {
        "text": "30 minutes",
        "alias": "time-duration",
        "meta": "@sys.duration",
        "userDefined": true
      },
      {
        "text": " on my ",
        "userDefined": false
      },
      {
        "text": "Alexa Skill",
        "alias": "network",
        "meta": "@sys.any",
        "userDefined": true
      },
      {
        "text": " network",
        "userDefined": false
      }
    ],
    "isTemplate": false,
    "count": 0,
    "updated": 1528460538
  },
  {
    "id": "1a4d602f-66e8-4e19-b421-0c4bf6cb233b",
    "data": [
      {
        "text": "grand",
        "meta": "@sys.ignore",
        "userDefined": false
      },
      {
        "text": " overall usage on ",
        "userDefined": false
      },
      {
        "text": "Google Fi",
        "alias": "network",
        "meta": "@sys.any",
        "userDefined": true
      },
      {
        "text": " network for the past ",
        "userDefined": false
      },
      {
        "text": "5 minutes",
        "alias": "time-duration",
        "meta": "@sys.duration",
        "userDefined": false
      }
    ],
    "isTemplate": false,
    "count": 0,
    "updated": 1528460538
  },
  {
    "id": "869e7989-d805-45a0-9fb8-ce94c3349537",
    "data": [
      {
        "text": "overall ",
        "userDefined": false
      },
      {
        "text": "data usage",
        "meta": "@sys.ignore",
        "userDefined": false
      },
      {
        "text": " on my ",
        "userDefined": false
      },
      {
        "text": "MatlabIsAwesome",
        "alias": "network",
        "meta": "@sys.any",
        "userDefined": true
      },
      {
        "text": " network over ",
        "userDefined": false
      },
      {
        "text": "36 hours",
        "alias": "time-duration",
        "meta": "@sys.duration",
        "userDefined": false
      }
    ],
    "isTemplate": false,
    "count": 0,
    "updated": 1528460538
  },
  {
    "id": "c9db90ae-7f28-4faa-8e6e-774a479f53d9",
    "data": [
      {
        "text": "total data usage",
        "meta": "@sys.ignore",
        "userDefined": false
      },
      {
        "text": " in past ",
        "userDefined": false
      },
      {
        "text": "24 days",
        "alias": "time-duration",
        "meta": "@sys.duration",
        "userDefined": true
      },
      {
        "text": " on my ",
        "userDefined": false
      },
      {
        "text": "Arduino",
        "alias": "network",
        "meta": "@sys.any",
        "userDefined": true
      },
      {
        "text": " network",
        "userDefined": false
      }
    ],
    "isTemplate": false,
    "count": 0,
    "updated": 1528460538
  },
  {
    "id": "4178d16b-971d-4cbc-87e6-28e7db348b44",
    "data": [
      {
        "text": "how much data have my clients in the ",
        "userDefined": false
      },
      {
        "text": "Water Tribe",
        "alias": "network",
        "meta": "@sys.any",
        "userDefined": true
      },
      {
        "text": " network used over ",
        "userDefined": false
      },
      {
        "text": "72 hours",
        "alias": "time-duration",
        "meta": "@sys.duration",
        "userDefined": true
      }
    ],
    "isTemplate": false,
    "count": 0,
    "updated": 1528460538
  },
  {
    "id": "15dae5c3-073f-4c08-b688-8468dd49879e",
    "data": [
      {
        "text": "amount of data consumed since ",
        "userDefined": false
      },
      {
        "text": "40 hours",
        "alias": "time-duration",
        "meta": "@sys.duration",
        "userDefined": false
      },
      {
        "text": " in my ",
        "userDefined": false
      },
      {
        "text": "Facebook",
        "alias": "network",
        "meta": "@sys.any",
        "userDefined": true
      },
      {
        "text": " network",
        "userDefined": false
      }
    ],
    "isTemplate": false,
    "count": 0,
    "updated": 1528460538
  }
]