[
  {
    "id": "337b05ae-e287-4f9b-bb02-b61c2856b3b9",
    "data": [
      {
        "text": "how much data have my clients used over ",
        "userDefined": false
      },
      {
        "text": "72 hours",
        "alias": "time-duration",
        "meta": "@sys.duration",
        "userDefined": true
      }
    ],
    "isTemplate": false,
    "count": 0,
    "updated": 1528460512
  },
  {
    "id": "37c12c96-3963-47b0-85bd-4567470067c7",
    "data": [
      {
        "text": "total data usage over ",
        "userDefined": false
      },
      {
        "text": "48 seconds",
        "alias": "time-duration",
        "meta": "@sys.duration",
        "userDefined": true
      }
    ],
    "isTemplate": false,
    "count": 0,
    "updated": 1528460512
  },
  {
    "id": "3392a14d-ca03-48c0-a8e9-8949158b8f66",
    "data": [
      {
        "text": "amount of data consumed since ",
        "userDefined": false
      },
      {
        "text": "40 hours",
        "alias": "time-duration",
        "meta": "@sys.duration",
        "userDefined": true
      }
    ],
    "isTemplate": false,
    "count": 0,
    "updated": 1528460512
  },
  {
    "id": "a2600c90-95c9-458c-8c64-342011d56a4c",
    "data": [
      {
        "text": "total data usage",
        "meta": "@sys.ignore",
        "userDefined": false
      },
      {
        "text": " in past ",
        "userDefined": false
      },
      {
        "text": "3 minutes",
        "alias": "time-duration",
        "meta": "@sys.duration",
        "userDefined": true
      }
    ],
    "isTemplate": false,
    "count": 0,
    "updated": 1528460512
  },
  {
    "id": "76e0e4ef-12de-4590-8d67-bf3cd5eb632c",
    "data": [
      {
        "text": "overall data usage over ",
        "userDefined": false
      },
      {
        "text": "30 minutes",
        "alias": "time-duration",
        "meta": "@sys.duration",
        "userDefined": true
      }
    ],
    "isTemplate": false,
    "count": 0,
    "updated": 1528460512
  },
  {
    "id": "5664e26d-2350-4737-abc9-1de637212adf",
    "data": [
      {
        "text": "total data usage over ",
        "userDefined": false
      },
      {
        "text": "24 days",
        "alias": "time-duration",
        "meta": "@sys.duration",
        "userDefined": true
      }
    ],
    "isTemplate": false,
    "count": 0,
    "updated": 1528460512
  },
  {
    "id": "c00d52a5-1e7c-4cad-bfdf-2526a0b93009",
    "data": [
      {
        "text": "overall data usage over ",
        "userDefined": false
      },
      {
        "text": "36 hours",
        "alias": "time-duration",
        "meta": "@sys.duration",
        "userDefined": true
      }
    ],
    "isTemplate": false,
    "count": 0,
    "updated": 1528460512
  },
  {
    "id": "3ec01399-96fb-4307-a137-2d4d167d4a81",
    "data": [
      {
        "text": "grand",
        "meta": "@sys.ignore",
        "userDefined": false
      },
      {
        "text": " overall usage in past ",
        "userDefined": false
      },
      {
        "text": "5 minutes",
        "alias": "time-duration",
        "meta": "@sys.duration",
        "userDefined": true
      }
    ],
    "isTemplate": false,
    "count": 0,
    "updated": 1528460512
  },
  {
    "id": "fb96d047-c4b8-4f9b-ab69-2eca598f694e",
    "data": [
      {
        "text": "total data usage in the past ",
        "userDefined": false
      },
      {
        "text": "30 minutes",
        "alias": "time-duration",
        "meta": "@sys.duration",
        "userDefined": true
      }
    ],
    "isTemplate": false,
    "count": 0,
    "updated": 1528460512
  }
]