[
  {
    "id": "0c49265f-f64a-4766-a49b-3988f5ce0848",
    "data": [
      {
        "text": "list the devices",
        "userDefined": false
      }
    ],
    "isTemplate": false,
    "count": 0,
    "updated": 1526175592
  },
  {
    "id": "7c3e3acd-5b0f-46ea-95f3-3d26d4437e06",
    "data": [
      {
        "text": "devices on my network",
        "userDefined": false
      }
    ],
    "isTemplate": false,
    "count": 0,
    "updated": 1526175592
  },
  {
    "id": "2b4280b2-84f1-460a-86e2-aabe07830ecc",
    "data": [
      {
        "text": "tell me all the devices on my network",
        "userDefined": false
      }
    ],
    "isTemplate": false,
    "count": 0,
    "updated": 1526175592
  },
  {
    "id": "6a8b098c-7cb4-46c6-a9a9-eeea08832160",
    "data": [
      {
        "text": "show me all devices on this network",
        "userDefined": false
      }
    ],
    "isTemplate": false,
    "count": 0,
    "updated": 1526175592
  },
  {
    "id": "ab823742-7443-4db1-bdf6-86c49e1b1384",
    "data": [
      {
        "text": "list all devices in the current network",
        "userDefined": false
      }
    ],
    "isTemplate": false,
    "count": 0,
    "updated": 1526175592
  },
  {
    "id": "ad507707-0a4f-470c-b9db-0139441d5334",
    "data": [
      {
        "text": "all devices on my network",
        "userDefined": false
      }
    ],
    "isTemplate": false,
    "count": 0,
    "updated": 1523383858
  }
]