[
  {
    "id": "1bb08f7f-df57-4c11-a190-c1e4afcf2340",
    "data": [
      {
        "text": "list the devices in the ",
        "userDefined": false
      },
      {
        "text": "Sandbox 2",
        "alias": "network",
        "meta": "@sys.any",
        "userDefined": true
      },
      {
        "text": " network",
        "userDefined": false
      }
    ],
    "isTemplate": false,
    "count": 0,
    "updated": 1523402938
  },
  {
    "id": "f286ee40-627e-46b9-b180-ae57b3d7df5d",
    "data": [
      {
        "text": "list all devices on the ",
        "userDefined": false
      },
      {
        "text": "Facebook Sandbox",
        "alias": "network",
        "meta": "@sys.any",
        "userDefined": true
      },
      {
        "text": " network",
        "userDefined": false
      }
    ],
    "isTemplate": false,
    "count": 0,
    "updated": 1523402938
  },
  {
    "id": "27c2f555-64c3-401f-8520-7ad0df51d4fa",
    "data": [
      {
        "text": "list devices in ",
        "userDefined": false
      },
      {
        "text": "Sandbox 2",
        "alias": "network",
        "meta": "@sys.any",
        "userDefined": true
      },
      {
        "text": " network",
        "userDefined": false
      }
    ],
    "isTemplate": false,
    "count": 0,
    "updated": 1523402938
  },
  {
    "id": "05d297de-dce1-4eb3-9a1d-e09e595bcfcb",
    "data": [
      {
        "text": "list of devices on the ",
        "userDefined": false
      },
      {
        "text": "test",
        "alias": "network",
        "meta": "@sys.any",
        "userDefined": false
      },
      {
        "text": " network",
        "userDefined": false
      }
    ],
    "isTemplate": false,
    "count": 0,
    "updated": 1523402938
  },
  {
    "id": "acf68c1f-db0f-4ed1-b6b7-5de03f3932fb",
    "data": [
      {
        "text": "list all the devices in the ",
        "userDefined": false
      },
      {
        "text": "Meraki Live Sandbox",
        "alias": "network",
        "meta": "@sys.any",
        "userDefined": true
      },
      {
        "text": " network",
        "userDefined": false
      }
    ],
    "isTemplate": false,
    "count": 0,
    "updated": 1523402938
  },
  {
    "id": "76240516-fe09-4714-904e-b81ae4fe2de8",
    "data": [
      {
        "text": "show all devices on the ",
        "userDefined": false
      },
      {
        "text": "Haven",
        "alias": "network",
        "meta": "@sys.any",
        "userDefined": true
      },
      {
        "text": " network",
        "userDefined": false
      }
    ],
    "isTemplate": false,
    "count": 1,
    "updated": 1523402938
  },
  {
    "id": "1c44a6c4-fadf-4949-aea4-30f2a6d4e1a4",
    "data": [
      {
        "text": "tell me all the devices on the ",
        "userDefined": false
      },
      {
        "text": "Google Test",
        "alias": "network",
        "meta": "@sys.any",
        "userDefined": true
      },
      {
        "text": " network",
        "userDefined": false
      }
    ],
    "isTemplate": false,
    "count": 1,
    "updated": 1523402938
  },
  {
    "id": "b04be499-c918-4fcb-aa90-adff3f7abdb5",
    "data": [
      {
        "text": "list of devices on the ",
        "userDefined": false
      },
      {
        "text": "Google Text",
        "alias": "network",
        "meta": "@sys.any",
        "userDefined": true
      },
      {
        "text": " network",
        "userDefined": false
      }
    ],
    "isTemplate": false,
    "count": 0,
    "updated": 1523402938
  },
  {
    "id": "9f920cbc-6d59-47cd-9f33-a680e33e30e1",
    "data": [
      {
        "text": "show all devices in the ",
        "userDefined": false
      },
      {
        "text": "BPN Tech",
        "alias": "network",
        "meta": "@sys.any",
        "userDefined": false
      },
      {
        "text": " network",
        "userDefined": false
      }
    ],
    "isTemplate": false,
    "count": 0,
    "updated": 1523402938
  }
]