[
  {
    "id": "babd19cb-a736-478c-a86c-9196339fb209",
    "data": [
      {
        "text": "devices on my network",
        "userDefined": false
      }
    ],
    "isTemplate": false,
    "count": 0,
    "updated": 0
  },
  {
    "id": "c4edaa41-73e7-422e-b583-1b09f69d9fc4",
    "data": [
      {
        "text": "tell me all the devices on my network",
        "userDefined": false
      }
    ],
    "isTemplate": false,
    "count": 0,
    "updated": 0
  },
  {
    "id": "a5ce8e70-d53e-49f5-9071-01cabf6c4d25",
    "data": [
      {
        "text": "all devices on my network",
        "userDefined": false
      }
    ],
    "isTemplate": false,
    "count": 0,
    "updated": 0
  },
  {
    "id": "a4fa4eb0-3ed2-4c3e-939f-90dcb8410bb3",
    "data": [
      {
        "text": "show me all devices on this network",
        "userDefined": false
      }
    ],
    "isTemplate": false,
    "count": 0,
    "updated": 0
  },
  {
    "id": "c993fdce-4580-49a4-9c5e-441f2d8479e1",
    "data": [
      {
        "text": "list all devices in the current network",
        "userDefined": false
      }
    ],
    "isTemplate": false,
    "count": 0,
    "updated": 0
  }
]