[
  {
    "id": "5c7a83f1-74c7-495a-8bd8-503a05b93e3d",
    "data": [
      {
        "text": "who are you",
        "userDefined": false
      }
    ],
    "isTemplate": false,
    "count": 0,
    "updated": 1526112186
  },
  {
    "id": "78233bab-077c-4c9f-b3d3-78eff0027a29",
    "data": [
      {
        "text": "what is easy net",
        "userDefined": false
      }
    ],
    "isTemplate": false,
    "count": 0,
    "updated": 1526112186
  },
  {
    "id": "6feeacbe-9672-4414-9344-dd3e0984b867",
    "data": [
      {
        "text": "what are you",
        "userDefined": false
      }
    ],
    "isTemplate": false,
    "count": 0,
    "updated": 1526112186
  },
  {
    "id": "b70be917-aa63-4d98-908c-8ca67de454b6",
    "data": [
      {
        "text": "what is eznet",
        "userDefined": false
      }
    ],
    "isTemplate": false,
    "count": 0,
    "updated": 1526112186
  }
]