[
  {
    "id": "ec0ebb92-a916-4b6b-a883-483aefbd8390",
    "data": [
      {
        "text": "what does the ",
        "userDefined": false
      },
      {
        "text": "top websites usage",
        "alias": "command",
        "meta": "@CommandType",
        "userDefined": false
      },
      {
        "text": " do",
        "userDefined": false
      }
    ],
    "isTemplate": false,
    "count": 0
  },
  {
    "id": "443de803-cab1-4cc6-ba09-c7cdcc31b258",
    "data": [
      {
        "text": "what does the ",
        "userDefined": false
      },
      {
        "text": "top app usage",
        "alias": "command",
        "meta": "@CommandType",
        "userDefined": false
      },
      {
        "text": " command do",
        "userDefined": false
      }
    ],
    "isTemplate": false,
    "count": 0
  },
  {
    "id": "8818e14d-fc88-4e49-b613-f23e5ac81d17",
    "data": [
      {
        "text": "how does the ",
        "userDefined": false
      },
      {
        "text": "data usage",
        "alias": "command",
        "meta": "@CommandType",
        "userDefined": false
      },
      {
        "text": " command work",
        "userDefined": false
      }
    ],
    "isTemplate": false,
    "count": 0
  },
  {
    "id": "fdea7fef-f192-4dbc-9259-6e69f3653720",
    "data": [
      {
        "text": "what does ",
        "userDefined": false
      },
      {
        "text": "list my orgs",
        "alias": "command",
        "meta": "@CommandType",
        "userDefined": false
      },
      {
        "text": " do",
        "userDefined": false
      }
    ],
    "isTemplate": false,
    "count": 0
  }
]