[
  {
    "id": "66ce4619-66c3-4249-b018-6d1a1756fc70",
    "data": [
      {
        "text": "help me",
        "userDefined": false
      }
    ],
    "isTemplate": false,
    "count": 0,
    "updated": 1526112222
  },
  {
    "id": "6bbf47d1-87c6-431d-b004-66e859017790",
    "data": [
      {
        "text": "please help me",
        "userDefined": false
      }
    ],
    "isTemplate": false,
    "count": 0,
    "updated": 1526112222
  },
  {
    "id": "095b7697-ca79-4c09-a0f2-805f6b07c973",
    "data": [
      {
        "text": "need some help here",
        "userDefined": false
      }
    ],
    "isTemplate": false,
    "count": 0,
    "updated": 1526112222
  },
  {
    "id": "23fe8037-b0c4-4936-a943-a2a38a18d355",
    "data": [
      {
        "text": "I need some help for using this bot",
        "userDefined": false
      }
    ],
    "isTemplate": false,
    "count": 0,
    "updated": 1526112222
  },
  {
    "id": "03ba07ce-34ad-46ed-ad90-527020705143",
    "data": [
      {
        "text": "can you help me?",
        "userDefined": false
      }
    ],
    "isTemplate": false,
    "count": 0,
    "updated": 1526112222
  },
  {
    "id": "bfe852c4-63af-4bc2-a802-fcd3201f5ee4",
    "data": [
      {
        "text": "I need some help",
        "userDefined": false
      }
    ],
    "isTemplate": false,
    "count": 0,
    "updated": 1526112222
  }
]