[
  {
    "id": "54389d34-ce4e-4b61-bb1a-6ae2f1a74a8b",
    "data": [
      {
        "text": "list the networks in my org",
        "userDefined": false
      }
    ],
    "isTemplate": false,
    "count": 1,
    "updated": 1509143404
  },
  {
    "id": "9943642d-5cea-4527-94ab-008ee660f7fc",
    "data": [
      {
        "text": "list the networks",
        "userDefined": false
      }
    ],
    "isTemplate": false,
    "count": 0,
    "updated": 1509143404
  },
  {
    "id": "1b1d71a7-c908-4660-bb2c-bb0717f4995a",
    "data": [
      {
        "text": "list the networks in my organization",
        "userDefined": false
      }
    ],
    "isTemplate": false,
    "count": 2,
    "updated": 1509143404
  },
  {
    "id": "70bab541-b4c9-491b-8bec-8cf8dd39a0e0",
    "data": [
      {
        "text": "list of networks",
        "userDefined": false
      }
    ],
    "isTemplate": false,
    "count": 1,
    "updated": 1509143404
  },
  {
    "id": "806f13c0-8e13-43a1-b3f1-ca54fc0d9dbf",
    "data": [
      {
        "text": "what networks are in my organization",
        "userDefined": false
      }
    ],
    "isTemplate": false,
    "count": 0,
    "updated": 1509143404
  },
  {
    "id": "fa7e5a4b-061c-4ea6-824d-deb2d91725bb",
    "data": [
      {
        "text": "list of networks in my organization",
        "userDefined": false
      }
    ],
    "isTemplate": false,
    "count": 0,
    "updated": 1509143404
  },
  {
    "id": "1030cb7b-9f18-48e3-92df-18f80d8dd700",
    "data": [
      {
        "text": "list of networks in ",
        "userDefined": false
      },
      {
        "text": "my",
        "meta": "@sys.ignore",
        "userDefined": true
      },
      {
        "text": " org",
        "userDefined": false
      }
    ],
    "isTemplate": false,
    "count": 0,
    "updated": 1509143404
  },
  {
    "id": "7378ae6c-3e5b-4126-89ce-31ee396aec98",
    "data": [
      {
        "text": "what are the networks for my org?",
        "userDefined": false
      }
    ],
    "isTemplate": false,
    "count": 0,
    "updated": 1509143404
  },
  {
    "id": "9bffdede-9c01-43d7-b973-0b933733c8cf",
    "data": [
      {
        "text": "list of networks in my org",
        "userDefined": false
      }
    ],
    "isTemplate": false,
    "count": 2,
    "updated": 1509143404
  },
  {
    "id": "a1c727db-cfe0-4a1d-94a5-ce4f1cadd1e3",
    "data": [
      {
        "text": "what networks are in ",
        "userDefined": false
      },
      {
        "text": "my",
        "meta": "@sys.ignore",
        "userDefined": true
      },
      {
        "text": " organization?",
        "userDefined": false
      }
    ],
    "isTemplate": false,
    "count": 0,
    "updated": 1509143404
  },
  {
    "id": "057669d0-f4dc-471c-b3e3-6b11c394c893",
    "data": [
      {
        "text": "what are the networks for my organization?",
        "userDefined": false
      }
    ],
    "isTemplate": false,
    "count": 0,
    "updated": 1509143404
  },
  {
    "id": "902a5bb5-299b-4804-9ac6-fa593cdb8253",
    "data": [
      {
        "text": "what are the networks for ",
        "userDefined": false
      },
      {
        "text": "my",
        "meta": "@sys.ignore",
        "userDefined": true
      },
      {
        "text": " org?",
        "userDefined": false
      }
    ],
    "isTemplate": false,
    "count": 0,
    "updated": 1509143404
  },
  {
    "id": "0913440c-f9aa-4fe4-8cd4-70261052dd1a",
    "data": [
      {
        "text": "networks in ",
        "userDefined": false
      },
      {
        "text": "my",
        "meta": "@sys.ignore",
        "userDefined": true
      },
      {
        "text": " organization",
        "userDefined": false
      }
    ],
    "isTemplate": false,
    "count": 0,
    "updated": 1509143404
  },
  {
    "id": "8061a1ce-8073-41e5-abf6-65d6843b704a",
    "data": [
      {
        "text": "what are the networks on my organization?",
        "userDefined": false
      }
    ],
    "isTemplate": false,
    "count": 0,
    "updated": 1509143404
  }
]