[
  {
    "id": "29d13541-7d04-4680-b5c8-d5c3e082411c",
    "data": [
      {
        "text": "list the networks",
        "userDefined": false
      }
    ],
    "isTemplate": false,
    "count": 0,
    "updated": 1509133944
  },
  {
    "id": "e0fef095-607e-4af4-a030-47da1765c6b1",
    "data": [
      {
        "text": "list the networks in my org",
        "userDefined": false
      }
    ],
    "isTemplate": false,
    "count": 1,
    "updated": 1509133899
  },
  {
    "id": "6599a5d4-ab6b-491b-8521-22de79db414f",
    "data": [
      {
        "text": "list of networks",
        "userDefined": false
      }
    ],
    "isTemplate": false,
    "count": 1,
    "updated": 0
  },
  {
    "id": "6706453a-2923-4d33-8f0f-0c7ff5b1928a",
    "data": [
      {
        "text": "what are the networks for my org?",
        "userDefined": false
      }
    ],
    "isTemplate": false,
    "count": 0,
    "updated": 1509133826
  },
  {
    "id": "4c755368-052a-4708-8a2e-409a467fe3b5",
    "data": [
      {
        "text": "list the networks in my organization",
        "userDefined": false
      }
    ],
    "isTemplate": false,
    "count": 2,
    "updated": 1509133766
  },
  {
    "id": "7ec4217c-891a-4692-8505-cb99420a1e06",
    "data": [
      {
        "text": "what networks are in my organization",
        "userDefined": false
      }
    ],
    "isTemplate": false,
    "count": 0,
    "updated": 1509133826
  },
  {
    "id": "34b41c5d-8296-47c9-bb68-4369d8590e07",
    "data": [
      {
        "text": "list of networks in ",
        "userDefined": false
      },
      {
        "text": "my",
        "meta": "@sys.ignore",
        "userDefined": true
      },
      {
        "text": " org",
        "userDefined": false
      }
    ],
    "isTemplate": false,
    "count": 0,
    "updated": 1509082757
  },
  {
    "id": "7a87457f-123d-47ee-b822-6824e6d2a53f",
    "data": [
      {
        "text": "list of networks in my organization",
        "userDefined": false
      }
    ],
    "isTemplate": false,
    "count": 0,
    "updated": 1509133787
  },
  {
    "id": "f9a4df26-ff8b-48b7-b505-c00afccb5825",
    "data": [
      {
        "text": "what are the networks on my organization?",
        "userDefined": false
      }
    ],
    "isTemplate": false,
    "count": 0,
    "updated": 0
  },
  {
    "id": "b70fd054-58be-4ed5-a312-c319b7cb808e",
    "data": [
      {
        "text": "what are the networks for my organization?",
        "userDefined": false
      }
    ],
    "isTemplate": false,
    "count": 0,
    "updated": 0
  },
  {
    "id": "0c3f4840-4cba-4d64-ac15-8ec6fe2752ff",
    "data": [
      {
        "text": "what are the networks for ",
        "userDefined": false
      },
      {
        "text": "my",
        "meta": "@sys.ignore",
        "userDefined": true
      },
      {
        "text": " org?",
        "userDefined": false
      }
    ],
    "isTemplate": false,
    "count": 0,
    "updated": 1509082757
  },
  {
    "id": "bdfdc0a7-c4f3-474b-846f-6ec4408a283a",
    "data": [
      {
        "text": "what networks are in ",
        "userDefined": false
      },
      {
        "text": "my",
        "meta": "@sys.ignore",
        "userDefined": true
      },
      {
        "text": " organization?",
        "userDefined": false
      }
    ],
    "isTemplate": false,
    "count": 0,
    "updated": 1509070133
  },
  {
    "id": "af70ae41-5f6a-430d-961c-6d3e687adf6f",
    "data": [
      {
        "text": "list of networks in my org",
        "userDefined": false
      }
    ],
    "isTemplate": false,
    "count": 2,
    "updated": 1509133826
  },
  {
    "id": "e1769094-ac22-43d2-9513-513e9d81605c",
    "data": [
      {
        "text": "networks in ",
        "userDefined": false
      },
      {
        "text": "my",
        "meta": "@sys.ignore",
        "userDefined": true
      },
      {
        "text": " organization",
        "userDefined": false
      }
    ],
    "isTemplate": false,
    "count": 0,
    "updated": 1509070133
  }
]