[
  {
    "id": "4225d5d2-2583-4025-8672-0c6d870faa85",
    "data": [
      {
        "text": "list of organizations",
        "userDefined": false
      }
    ],
    "isTemplate": false,
    "count": 1,
    "updated": 0
  },
  {
    "id": "53d8dd59-3615-4088-a6d1-9f624e8f1d8c",
    "data": [
      {
        "text": "list the orgs i\u0027m in",
        "userDefined": false
      }
    ],
    "isTemplate": false,
    "count": 0,
    "updated": 1509133873
  },
  {
    "id": "29fe8d60-cc1e-48d8-b784-f41ba2d69d23",
    "data": [
      {
        "text": "list of orgs that I\u0027m part of",
        "userDefined": false
      }
    ],
    "isTemplate": false,
    "count": 0,
    "updated": 1509082644
  },
  {
    "id": "ec4c2894-a7e7-4f23-98b5-a2a6859f94a9",
    "data": [
      {
        "text": "list the organizations I\u0027m a part of",
        "userDefined": false
      }
    ],
    "isTemplate": false,
    "count": 0,
    "updated": 1509082644
  },
  {
    "id": "165c9c9f-6f02-417a-8910-c919a509e5a4",
    "data": [
      {
        "text": "list my orgs",
        "userDefined": false
      }
    ],
    "isTemplate": false,
    "count": 1,
    "updated": 0
  },
  {
    "id": "28fa4223-01ec-4a21-a50e-c9a027b3e113",
    "data": [
      {
        "text": "list of orgs",
        "userDefined": false
      }
    ],
    "isTemplate": false,
    "count": 1,
    "updated": 0
  },
  {
    "id": "c2174e25-7497-4bdc-a382-10cce5e5eba3",
    "data": [
      {
        "text": "which organizations am I in?",
        "userDefined": false
      }
    ],
    "isTemplate": false,
    "count": 0,
    "updated": 1509082644
  },
  {
    "id": "f92f5793-f603-4e3a-b73a-ef0fde11cf72",
    "data": [
      {
        "text": "list the organizations I\u0027m in",
        "userDefined": false
      }
    ],
    "isTemplate": false,
    "count": 0,
    "updated": 1509082644
  },
  {
    "id": "f91c8ef7-66a4-48f1-8d7d-67531e05e144",
    "data": [
      {
        "text": "what orgs am I in?",
        "userDefined": false
      }
    ],
    "isTemplate": false,
    "count": 0,
    "updated": 1509082644
  }
]