[
  {
    "id": "087ca2d0-0a56-4978-b66a-0abb30e4e85d",
    "data": [
      {
        "text": "list of top websites in the past ",
        "userDefined": false
      },
      {
        "text": "2 days",
        "alias": "time-duration",
        "meta": "@sys.duration",
        "userDefined": true
      }
    ],
    "isTemplate": false,
    "count": 0,
    "updated": 1526228227
  },
  {
    "id": "01e96791-91ff-4d74-abc2-8cd0687ee062",
    "data": [
      {
        "text": "top sites last ",
        "userDefined": false
      },
      {
        "text": "72 hours",
        "alias": "time-duration",
        "meta": "@sys.duration",
        "userDefined": true
      }
    ],
    "isTemplate": false,
    "count": 0,
    "updated": 1526228227
  },
  {
    "id": "3b19bd3e-35f6-4b07-a2b5-e0adeba14a61",
    "data": [
      {
        "text": "list top traffic in ",
        "userDefined": false
      },
      {
        "text": "36 hours",
        "alias": "time-duration",
        "meta": "@sys.duration",
        "userDefined": true
      }
    ],
    "isTemplate": false,
    "count": 0,
    "updated": 1526228227
  },
  {
    "id": "06b4acfb-85cb-423c-806d-2095dd15da8a",
    "data": [
      {
        "text": "top traffic in the past ",
        "userDefined": false
      },
      {
        "text": "30 minutes",
        "alias": "time-duration",
        "meta": "@sys.duration",
        "userDefined": true
      }
    ],
    "isTemplate": false,
    "count": 0,
    "updated": 1526228227
  },
  {
    "id": "f35c548f-1398-4304-a8a5-31f1c562af34",
    "data": [
      {
        "text": "most popular apps in the last ",
        "userDefined": false
      },
      {
        "text": "48 hours",
        "alias": "time-duration",
        "meta": "@sys.duration",
        "userDefined": true
      }
    ],
    "isTemplate": false,
    "count": 1,
    "updated": 1526228227
  },
  {
    "id": "8e460073-57b2-4dbb-91e2-cf2cf3a98ad8",
    "data": [
      {
        "text": "what sites have the highest traffic on my network in the previous ",
        "userDefined": false
      },
      {
        "text": "13 hours",
        "alias": "time-duration",
        "meta": "@sys.duration",
        "userDefined": true
      }
    ],
    "isTemplate": false,
    "count": 0,
    "updated": 1526228227
  },
  {
    "id": "3d8e5310-0ed6-4039-89bf-a5a11b64b7a1",
    "data": [
      {
        "text": "what apps have the highest traffic in the past ",
        "userDefined": false
      },
      {
        "text": "2 weeks",
        "alias": "time-duration",
        "meta": "@sys.duration",
        "userDefined": true
      }
    ],
    "isTemplate": false,
    "count": 0,
    "updated": 1526228227
  }
]