[
  {
    "id": "ff23966c-d685-4e1f-b94c-6b891dc9ce00",
    "data": [
      {
        "text": "list of top websites in the past ",
        "userDefined": false
      },
      {
        "text": "2 days",
        "alias": "time-duration",
        "meta": "@sys.duration",
        "userDefined": true
      }
    ],
    "isTemplate": false,
    "count": 1,
    "updated": 0
  },
  {
    "id": "983dda2f-d3f9-4737-8134-5c8c8c3d7322",
    "data": [
      {
        "text": "what sites have the highest traffic on my network in the previous ",
        "userDefined": false
      },
      {
        "text": "13 hours",
        "alias": "time-duration",
        "meta": "@sys.duration",
        "userDefined": true
      }
    ],
    "isTemplate": false,
    "count": 0,
    "updated": 1509352823
  },
  {
    "id": "83d87877-5e0f-4d69-85e0-d43584067c34",
    "data": [
      {
        "text": "top sites last ",
        "userDefined": false
      },
      {
        "text": "72 hours",
        "alias": "time-duration",
        "meta": "@sys.duration",
        "userDefined": true
      }
    ],
    "isTemplate": false,
    "count": 0,
    "updated": 1509352823
  },
  {
    "id": "3938e627-4c86-4ee8-8e06-8c4929c3d05a",
    "data": [
      {
        "text": "top traffic in the past ",
        "userDefined": false
      },
      {
        "text": "30 minutes",
        "alias": "time-duration",
        "meta": "@sys.duration",
        "userDefined": true
      }
    ],
    "isTemplate": false,
    "count": 0
  },
  {
    "id": "dceab799-bcc0-4c94-9794-f15913f386dd",
    "data": [
      {
        "text": "what apps have the highest traffic in the past ",
        "userDefined": false
      },
      {
        "text": "2 weeks",
        "alias": "time-duration",
        "meta": "@sys.duration",
        "userDefined": true
      }
    ],
    "isTemplate": false,
    "count": 0,
    "updated": 1509352823
  },
  {
    "id": "eb418ccb-e6b9-4383-a68d-e188e7b01565",
    "data": [
      {
        "text": "most popular apps in the last ",
        "userDefined": false
      },
      {
        "text": "48 hours",
        "alias": "time-duration",
        "meta": "@sys.duration",
        "userDefined": true
      }
    ],
    "isTemplate": false,
    "count": 0,
    "updated": 1509352823
  },
  {
    "id": "78196a77-bb49-487c-b034-5fd11de9a05c",
    "data": [
      {
        "text": "list top traffic in ",
        "userDefined": false
      },
      {
        "text": "36 hours",
        "alias": "time-duration",
        "meta": "@sys.duration",
        "userDefined": true
      }
    ],
    "isTemplate": false,
    "count": 0,
    "updated": 1509352823
  }
]