[
  {
    "id": "a502ae86-c27f-4241-bc27-cd7fb7240f45",
    "data": [
      {
        "text": "what sites have the highest traffic on my ",
        "userDefined": false
      },
      {
        "text": "Read Write",
        "alias": "network",
        "meta": "@sys.any",
        "userDefined": true
      },
      {
        "text": " network in the previous ",
        "userDefined": false
      },
      {
        "text": "13 hours",
        "alias": "time-duration",
        "meta": "@sys.duration",
        "userDefined": true
      }
    ],
    "isTemplate": false,
    "count": 0
  },
  {
    "id": "bf584016-9c81-4f37-b09f-1d94b4d705ab",
    "data": [
      {
        "text": "what apps have the highest traffic in the past ",
        "userDefined": false
      },
      {
        "text": "2 weeks",
        "alias": "time-duration",
        "meta": "@sys.duration",
        "userDefined": true
      },
      {
        "text": " in the ",
        "userDefined": false
      },
      {
        "text": "Read Write Sandbox",
        "alias": "network",
        "meta": "@sys.any",
        "userDefined": true
      },
      {
        "text": " network",
        "userDefined": false
      }
    ],
    "isTemplate": false,
    "count": 0
  },
  {
    "id": "35c4d4db-efa4-47c1-9c10-2af312d815eb",
    "data": [
      {
        "text": "top sites last ",
        "userDefined": false
      },
      {
        "text": "72 hours",
        "alias": "time-duration",
        "meta": "@sys.duration",
        "userDefined": true
      },
      {
        "text": " in ",
        "userDefined": false
      },
      {
        "text": "Walabot",
        "alias": "network",
        "meta": "@sys.any",
        "userDefined": true
      },
      {
        "text": " network",
        "userDefined": false
      }
    ],
    "isTemplate": false,
    "count": 0
  },
  {
    "id": "3f046931-c714-4fe7-9484-6ebe4a149b89",
    "data": [
      {
        "text": "list of top websites on my ",
        "userDefined": false
      },
      {
        "text": "Sublime Text",
        "alias": "network",
        "meta": "@sys.any",
        "userDefined": true
      },
      {
        "text": " network over the past ",
        "userDefined": false
      },
      {
        "text": "2 days",
        "alias": "time-duration",
        "meta": "@sys.duration",
        "userDefined": true
      }
    ],
    "isTemplate": false,
    "count": 0
  },
  {
    "id": "80256f31-7efe-45b7-83aa-0403f49c4d96",
    "data": [
      {
        "text": "most popular apps on the ",
        "userDefined": false
      },
      {
        "text": "AndroidIsAwesome",
        "alias": "network",
        "meta": "@sys.any",
        "userDefined": true
      },
      {
        "text": " network in the last ",
        "userDefined": false
      },
      {
        "text": "48 hours",
        "alias": "time-duration",
        "meta": "@sys.duration",
        "userDefined": true
      }
    ],
    "isTemplate": false,
    "count": 0
  },
  {
    "id": "bc966683-6282-4b91-9e0d-552e99cd71da",
    "data": [
      {
        "text": "list top traffic in ",
        "userDefined": false
      },
      {
        "text": "36 hours",
        "alias": "time-duration",
        "meta": "@sys.duration",
        "userDefined": true
      },
      {
        "text": " in the ",
        "userDefined": false
      },
      {
        "text": "Walmart",
        "alias": "network",
        "meta": "@sys.any",
        "userDefined": true
      },
      {
        "text": " network",
        "userDefined": false
      }
    ],
    "isTemplate": false,
    "count": 0
  },
  {
    "id": "7a531beb-9444-43f9-8d65-11cf96f8e5f0",
    "data": [
      {
        "text": "top traffic in the past ",
        "userDefined": false
      },
      {
        "text": "30 minutes",
        "alias": "time-duration",
        "meta": "@sys.duration",
        "userDefined": false
      },
      {
        "text": " in the ",
        "userDefined": false
      },
      {
        "text": "Facebook",
        "alias": "network",
        "meta": "@sys.any",
        "userDefined": true
      },
      {
        "text": " network",
        "userDefined": false
      }
    ],
    "isTemplate": false,
    "count": 0,
    "updated": 1516436534
  }
]