[
  {
    "value": "list admins",
    "synonyms": [
      "list admins",
      "list administrators",
      "list my admins",
      "list my administrators"
    ]
  },
  {
    "value": "list organizations",
    "synonyms": [
      "list my orgs",
      "list my organizations",
      "list orgs",
      "list organizations"
    ]
  },
  {
    "value": "data usage",
    "synonyms": [
      "data usage",
      "total data usage",
      "total data consumption"
    ]
  },
  {
    "value": "top app/website usage",
    "synonyms": [
      "top app/website usage",
      "top app usage",
      "top website usage",
      "top 10 app usage",
      "top 10 website usage"
    ]
  },
  {
    "value": "list networks",
    "synonyms": [
      "list my networks",
      "list my nets",
      "list nets",
      "list networks"
    ]
  },
  {
    "value": "list devices",
    "synonyms": [
      "list devices",
      "list my devices"
    ]
  },
  {
    "value": "block website",
    "synonyms": [
      "block website",
      "block site"
    ]
  }
]